gene,variant,source,evidence_type,confidence_weight,retrieval_mode,url,description
EGFR,EGFR Exon 19 Deletion,ClinVar,external_reference,MEDIUM,local_curated_external_reference,https://www.ncbi.nlm.nih.gov/clinvar/,"ClinVar is listed as supporting terminology context for EGFR exon 19 deletion. This is a local curated reference, not a live lookup."
EGFR,EGFR Exon 19 Deletion,OncoKB,external_reference,MEDIUM,local_curated_external_reference,https://www.oncokb.org/,"OncoKB is listed as supporting oncology knowledge context for EGFR exon 19 deletion. This is a local curated reference, not a live lookup."
EGFR,EGFR L858R,ClinVar,external_reference,MEDIUM,local_curated_external_reference,https://www.ncbi.nlm.nih.gov/clinvar/,"ClinVar is listed as supporting terminology context for EGFR L858R. This is a local curated reference, not a live lookup."
EGFR,EGFR L858R,OncoKB,external_reference,MEDIUM,local_curated_external_reference,https://www.oncokb.org/,"OncoKB is listed as supporting oncology knowledge context for EGFR L858R. This is a local curated reference, not a live lookup."
EGFR,EGFR T790M,ClinVar,external_reference,MEDIUM,local_curated_external_reference,https://www.ncbi.nlm.nih.gov/clinvar/,"ClinVar is listed as supporting terminology context for EGFR T790M. This is a local curated reference, not a live lookup."
EGFR,EGFR T790M,OncoKB,external_reference,MEDIUM,local_curated_external_reference,https://www.oncokb.org/,"OncoKB is listed as supporting oncology knowledge context for EGFR T790M. This is a local curated reference, not a live lookup."
EGFR,EGFR Exon 20 Insertion,ClinVar,external_reference,MEDIUM,local_curated_external_reference,https://www.ncbi.nlm.nih.gov/clinvar/,"ClinVar is listed as supporting terminology context for EGFR exon 20 insertion. This is a local curated reference, not a live lookup."
EGFR,EGFR Exon 20 Insertion,OncoKB,external_reference,MEDIUM,local_curated_external_reference,https://www.oncokb.org/,"OncoKB is listed as supporting oncology knowledge context for EGFR exon 20 insertion. This is a local curated reference, not a live lookup."
KRAS,KRAS G12C,ClinVar,external_reference,MEDIUM,local_curated_external_reference,https://www.ncbi.nlm.nih.gov/clinvar/,"ClinVar is listed as supporting terminology context for KRAS G12C. This is a local curated reference, not a live lookup."
KRAS,KRAS G12C,OncoKB,external_reference,MEDIUM,local_curated_external_reference,https://www.oncokb.org/,"OncoKB is listed as supporting oncology knowledge context for KRAS G12C. This is a local curated reference, not a live lookup."
BRAF,BRAF V600E,ClinVar,external_reference,MEDIUM,local_curated_external_reference,https://www.ncbi.nlm.nih.gov/clinvar/,"ClinVar is listed as supporting terminology context for BRAF V600E. This is a local curated reference, not a live lookup."
BRAF,BRAF V600E,OncoKB,external_reference,MEDIUM,local_curated_external_reference,https://www.oncokb.org/,"OncoKB is listed as supporting oncology knowledge context for BRAF V600E. This is a local curated reference, not a live lookup."
ERBB2,ERBB2 Amplification,ClinVar,external_reference,MEDIUM,local_curated_external_reference,https://www.ncbi.nlm.nih.gov/clinvar/,"ClinVar is listed as supporting terminology context for ERBB2 amplification. This is a local curated reference, not a live lookup."
ERBB2,ERBB2 Amplification,OncoKB,external_reference,MEDIUM,local_curated_external_reference,https://www.oncokb.org/,"OncoKB is listed as supporting oncology knowledge context for ERBB2 amplification. This is a local curated reference, not a live lookup."
ALK,ALK Fusion,OncoKB,external_reference,MEDIUM,local_curated_external_reference,https://www.oncokb.org/,"OncoKB is listed as supporting oncology knowledge context for ALK fusion. This is a local curated reference, not a live lookup."
ROS1,ROS1 Fusion,OncoKB,external_reference,MEDIUM,local_curated_external_reference,https://www.oncokb.org/,"OncoKB is listed as supporting oncology knowledge context for ROS1 fusion. This is a local curated reference, not a live lookup."
